{
    "reusePaths": {
        "amcQw_d": {
            "icPath": "csrc"
        },
        "reYIK_d": {
            "icPath": "csrc"
        },
        "iAVhC_d": {
            "icPath": "csrc"
        }
    },
    "Modules": {
        "Map_Table": {
            "start_perf": [
                0.31373000144958496,
                0.05917,
                0.033995999999999998,
                306984,
                313540,
                1646620991.634156,
                100680855890574
            ],
            "child_modules": {},
            "nMops": 1977,
            "Compiled": "Yes",
            "Compiled Times": 12,
            "significant_routs": [
                [
                    28,
                    "R_VCSgd_AWCeq_1c",
                    12289770,
                    7504,
                    1512
                ]
            ],
            "nQuads": 640,
            "end_perf": [
                0.32484197616577148,
                0.066558999999999993,
                0.036395999999999998,
                310928,
                313540,
                100680887140675,
                17179869185,
                0
            ],
            "nRouts": 43
        },
        "testbench": {
            "child_modules": {
                "Map_Table": 1
            },
            "start_perf": [
                0.29973793029785156,
                0.047903000000000001,
                0.032895000000000001,
                304588,
                313540,
                1646620991.6201639,
                100680816621227
            ],
            "nMops": 1645,
            "Compiled Times": 12,
            "Compiled": "Yes",
            "end_perf": [
                0.31369805335998535,
                0.059150000000000001,
                0.033985000000000001,
                306984,
                313540,
                100680855837307,
                12884901889,
                0
            ],
            "nQuads": 583,
            "nRouts": 69
        },
        "...MASTER...": {
            "child_modules": {
                "std": 1,
                "testbench": 1,
                "_vcs_unit__1444896900": 1
            },
            "start_perf": [
                0.28143811225891113,
                0.043673999999999998,
                0.030519999999999999,
                300860,
                313540,
                1646620991.6018641,
                100680765230409
            ],
            "end_perf": [
                0.29191493988037109,
                0.044983000000000002,
                0.031701,
                302260,
                313540,
                100680794655241,
                0,
                0
            ],
            "nQuads": 0,
            "nMops": 0,
            "nRouts": 5
        },
        "_vcs_unit__1444896900": {
            "child_modules": {},
            "start_perf": [
                0.2919769287109375,
                0.045019000000000003,
                0.031726999999999998,
                302260,
                313540,
                1646620991.6124029,
                100680794813843
            ],
            "nMops": 0,
            "Compiled Times": 12,
            "Compiled": "Yes",
            "end_perf": [
                0.29719400405883789,
                0.04539,
                0.032881000000000001,
                304204,
                313540,
                100680809492752,
                4294967297,
                0
            ],
            "nQuads": 0,
            "nRouts": 5
        },
        "std": {
            "start_perf": [
                0.29722690582275391,
                0.045409999999999999,
                0.032895000000000001,
                304204,
                313540,
                1646620991.6176529,
                100680809572261
            ],
            "child_modules": {},
            "nMops": 462,
            "Compiled": "Yes",
            "Compiled Times": 12,
            "end_perf": [
                0.29970312118530273,
                0.047869000000000002,
                0.032895000000000001,
                304588,
                313540,
                100680816533880,
                8589934594,
                0
            ],
            "svclass": [
                "$vcs_nba_dyn_obj",
                0,
                37,
                2,
                2,
                0,
                "sigprop$$",
                0,
                37,
                2,
                2,
                0,
                "process",
                0,
                184,
                8,
                8,
                0,
                "event",
                0,
                36,
                2,
                2,
                0,
                "mailbox",
                0,
                99,
                9,
                9,
                0,
                "semaphore",
                0,
                69,
                5,
                5,
                0
            ],
            "nQuads": 213,
            "nRouts": 33
        }
    },
    "CompUnits": {
        "h867n_d": {
            "mod": "_vcs_unit__1444896900",
            "archive": "archive.11/_96976_archive_1.a",
            "mode": 4,
            "out": "h867n_d.o",
            "bytes": 7288,
            "text": 220,
            "checksum": 0
        },
        "AWCeq_d": {
            "mod": "Map_Table",
            "archive": "archive.11/_96976_archive_1.a",
            "mode": 4,
            "out": "AWCeq_d.o",
            "bytes": 24596,
            "text": 10564,
            "checksum": 0
        }
    },
    "ObjArchives": [
        {
            "archive": "archive.11/_96976_archive_1.a",
            "objects": [
                [
                    "h867n_d.o",
                    7288
                ],
                [
                    "AWCeq_d.o",
                    24596
                ],
                [
                    "amcQwB.o",
                    68408
                ]
            ],
            "size": 100292
        }
    ],
    "stat": {
        "ru_self_end": {
            "ru_stime_sec": 0.043652000000000003,
            "ru_utime_sec": 0.067404000000000006,
            "ru_maxrss_kb": 121264,
            "ru_minflt": 10058,
            "ru_majflt": 0,
            "ru_nvcsw": 168,
            "ru_nivcsw": 2
        },
        "ru_childs_end": {
            "ru_stime_sec": 0.017465000000000001,
            "ru_utime_sec": 0.0073179999999999999,
            "ru_maxrss_kb": 25184,
            "ru_minflt": 3938,
            "ru_majflt": 0,
            "ru_nvcsw": 19,
            "ru_nivcsw": 0
        },
        "peak_mem_kb": 313540,
        "cpu_cycles_end": 100680968844630
    }
}