{
    "ObjArchives": [
        {
            "archive": "archive.7/_117958_archive_1.a",
            "objects": [
                [
                    "efQtY_d.o",
                    26448
                ],
                [
                    "amcQwB.o",
                    66236
                ]
            ],
            "size": 92684
        }
    ],
    "Modules": {
        "...MASTER...": {
            "end_perf": [
                0.99528408050537109,
                0.04299,
                0.54799799999999999,
                311236,
                312792,
                94297073196228,
                0,
                0
            ],
            "start_perf": [
                0.98370814323425293,
                0.042153999999999997,
                0.54650699999999997,
                311236,
                312792,
                1649299002.9655721,
                94297040678579
            ],
            "child_modules": {
                "std": 1,
                "test_psel_gen": 1
            },
            "nQuads": 0,
            "nRouts": 5,
            "nMops": 0
        },
        "std": {
            "end_perf": [
                0.9982609748840332,
                0.045068999999999998,
                0.54822000000000004,
                311236,
                312792,
                94297081559135,
                8589934594,
                0
            ],
            "start_perf": [
                0.9953761100769043,
                0.042997,
                0.54808299999999999,
                311236,
                312792,
                1649299002.9772401,
                94297073441952
            ],
            "child_modules": {},
            "svclass": [
                "$vcs_nba_dyn_obj",
                0,
                37,
                2,
                2,
                0,
                "sigprop$$",
                0,
                37,
                2,
                2,
                0,
                "process",
                0,
                184,
                8,
                8,
                0,
                "event",
                0,
                36,
                2,
                2,
                0,
                "mailbox",
                0,
                99,
                9,
                9,
                0,
                "semaphore",
                0,
                69,
                5,
                5,
                0
            ],
            "Compiled": "Yes",
            "nRouts": 33,
            "nMops": 462,
            "Compiled Times": 8,
            "nQuads": 213
        },
        "test_psel_gen": {
            "end_perf": [
                1.0076220035552979,
                0.050488999999999999,
                0.54901,
                313180,
                313180,
                94297107974929,
                12884901889,
                0
            ],
            "start_perf": [
                0.99830794334411621,
                0.045072000000000001,
                0.54826399999999997,
                311236,
                312792,
                1649299002.9801719,
                94297081672894
            ],
            "child_modules": {},
            "Compiled": "Yes",
            "nRouts": 25,
            "nMops": 970,
            "Compiled Times": 8,
            "nQuads": 333
        }
    },
    "CompUnits": {
        "efQtY_d": {
            "mod": "test_psel_gen",
            "text": 6632,
            "out": "efQtY_d.o",
            "bytes": 26448,
            "mode": 4,
            "archive": "archive.7/_117958_archive_1.a",
            "checksum": 0
        }
    },
    "reusePaths": {
        "amcQw_d": {
            "icPath": "csrc"
        },
        "reYIK_d": {
            "icPath": "csrc"
        }
    },
    "stat": {
        "ru_self_end": {
            "ru_utime_sec": 0.051492999999999997,
            "ru_nvcsw": 1131,
            "ru_stime_sec": 0.55501199999999995,
            "ru_majflt": 9,
            "ru_maxrss_kb": 123040,
            "ru_minflt": 10395,
            "ru_nivcsw": 0
        },
        "ru_childs_end": {
            "ru_utime_sec": 0.0076280000000000002,
            "ru_nvcsw": 21,
            "ru_stime_sec": 0.014789,
            "ru_majflt": 0,
            "ru_maxrss_kb": 30232,
            "ru_minflt": 3949,
            "ru_nivcsw": 0
        },
        "cpu_cycles_end": 94297264146124,
        "peak_mem_kb": 313180
    }
}